Year,M01AB,M01AE,N02BA,N02BE,N05B,N05C,R03,R06
2025,1880.5970238993937,1444.2949748155916,1135.6442268311348,12734.879654162583,3243.831345667116,216.19298140281305,2296.4352314068747,721.1450101516415
2026,1879.7533956758148,1442.465106369441,1135.597949073823,12721.790912165598,3242.2005704589,215.94866112951658,2289.457084858125,721.3186795267744
2027,1879.6902034396815,1441.5830259761774,1135.6120531109136,12698.322183742232,3243.240300747475,216.0649053821209,2289.4384677680855,721.5014477346411
